﻿id,road,region,value
3441,Acer Way,Rogerstone,0.0811325
3442,Acorn Close,Rogerstone,0.208536081
3445,Afon Mead,Graig,0.196589341
3448,Alan Close,Rogerstone,0.088025143
3451,Albert Avenue,Victoria,0.015976826
3453,Albert Terrace,Stow Hill,0.337997325
3461,Alfred Street,St. Julians,0.002007643
3462,Alfred Street,Victoria,0.0007385
3477,Alwyn Close,Rogerstone,0.091934063
3478,Amber Close,Victoria,0.0067911
3486,Annesley Road,St. Julians,0.02759334
3492,Argosy Way,Victoria,0.080536622
3508,Aubrey Hames Close,Stow Hill,0.099867447
3513,Azalea Road,Graig,0.317893233
3516,Badgers Wood Close,Graig,0.159893857
3518,Badminton Road,St. Julians,0.538391
3519,Bailey Crescent,Langstone,0.057221692
3520,Bailey Street,Stow Hill,0.030041806
3522,Bala Drive,Rogerstone,0.127384258
3530,Baneswell Courtyard,Stow Hill,0.140487286
3531,Baneswell Road,Stow Hill,0.000832933
3532,Bank Street,St. Julians,0.121699609
3535,Barnard Street,Victoria,0.0214465
3541,Bassaleg Road,Rogerstone,0.497935383
3543,Bath Street,St. Julians,0.010583765
3544,Beacons Close,Rogerstone,0.078149731
3548,Beaufort Terrace,Stow Hill,0.133047714
3549,Beaumaris Close,Graig,0.3261705
3550,Bedford Road,Victoria,0.020234621
3561,Belle Vue Lane,Stow Hill,0.2587539
3566,Bentley Close,Rogerstone,0.174169571
3567,Beresford Road,Victoria,0.0148627
3568,Berkley Close,Graig,0.156058538
3569,Berkley Road,Graig,0.192132813
3571,Bethesda Close,Rogerstone,0.111069605
3572,Bethesda Place,Rogerstone,0.39321864
3573,Bethesda Rise,Rogerstone,0.130846816
3582,Birch Grove,Rogerstone,0.20458575
3584,Birch Trees,Graig,0.205120125
3586,Bishop Street,St. Julians,0.035628289
3597,Bishton Street,Victoria,0.005721867
3598,Blackbird Close,Rogerstone,0.134392025
3608,Blewitt Street,Stow Hill,0.072867407
3610,Blossom Close,Langstone,0.149335049
3611,Bluebell Way,Graig,0.185300463
3615,Bond Street,St. Julians,0.013363941
3620,Bramley Close,Langstone,0.19327875
3622,Brecon Road,St. Julians,0.081733889
3623,Bridge Street,Stow Hill,0.101799181
3628,Bristol Street,Victoria,0.006726646
3642,Broom Close,Rogerstone,0.185186188
3645,Brunel Avenue,Rogerstone,0.252974305
3648,Bryn Hedydd,Graig,0.522596968
3649,Brynderwen Grove,St. Julians,0.1098095
3650,Brynderwen Grove,Victoria,0.106903625
3651,Brynderwen Road,St. Julians,0.1268115
3652,Brynderwen Road,Victoria,0.118111647
3660,Brynhyfryd Avenue,Stow Hill,0.054557875
3661,Brynhyfryd Road,Stow Hill,0.099520542
3670,Burberry Close,Graig,0.131670857
3675,Buttercup Close,Graig,0.068348313
3677,Buttermere Way,St. Julians,0.175180625
3682,Caban Close,Rogerstone,0.1217653
3687,Caerau Road,Stow Hill,0.344203464
3689,Caerleon Road,St. Julians,0.092443012
3690,Caerleon Road,Victoria,0.13837342
3691,Caerlicken Lane,Langstone,0.635546329
3692,Caernarvon Drive,Graig,0.310945371
3693,Caerphilly Close,Graig,0.250244992
3694,Caerphilly Road,Graig,0.322648545
3697,Cambridge Road,Victoria,0.25914675
3698,Camellia Avenue,Graig,0.202368274
3699,Camelot Place,Victoria,0.047268
3700,Campanula Drive,Graig,0.185772014
3703,Canal Parade,Stow Hill,0.262669136
3707,Canon Street,St. Julians,0.0498325
3709,Cantref Close,Rogerstone,0.1782257
3716,Cardiff Road,Stow Hill,0.126429564
3721,Carlton Road,St. Julians,0.105705905
3722,Caroline Street,Stow Hill,0.043701132
3723,Carpenter Close,Langstone,0.424651306
3726,Castle Close,Rogerstone,0.248211063
3730,Castle View,Rogerstone,0.176292167
3734,Cats Ash Road,Langstone,0.40403923
3736,Caxton Place,Stow Hill,0.0043993
3737,Cecil Lane,Rogerstone,0.019422053
3739,Cedar Road,Victoria,0.03057985
3740,Cedar Wood Close,Rogerstone,0.163034208
3741,Cedar Wood Drive,Rogerstone,0.143180667
3742,Cefn Close,Rogerstone,0.159581313
3743,Cefn Court,Rogerstone,0.19047435
3744,Cefn Drive,Rogerstone,0.311185333
3745,Cefn Rise,Rogerstone,0.090117357
3746,Cefn Road,Rogerstone,0.324399777
3747,Cefn Walk,Rogerstone,0.126353435
3749,Cenfedd Street,St. Julians,0.0132968
3753,Channel View,Graig,0.135520917
3754,Chapel Terrace,Graig,0.202781528
3756,Charles Street,Stow Hill,0.045446188
3759,Charnwood Road,St. Julians,0.029261833
3760,Chartist Drive,Rogerstone,0.482312881
3766,Chepstow Road,Langstone,0.424771326
3768,Chepstow Road,Victoria,0.059389466
3769,Cherry Tree Close,Langstone,0.1983293
3771,Chichester Close,St. Julians,0.140560571
3778,Christchurch Road,St. Julians,0.099287149
3779,Christchurch Road,Victoria,0.022065071
3780,Christina Crescent,Rogerstone,0.240531167
3781,Church Close,Rogerstone,0.088059778
3783,Church Crescent,Graig,0.172002658
3785,Church Road,Victoria,0.031871055
3787,Church Street,Rogerstone,0.0603863
3788,Church View,Graig,0.151784
3789,Churchmead,Graig,0.383941389
3792,Clarence Place,Victoria,0.023583756
3794,Clayton Street,St. Julians,0.054533417
3796,Clearwell Court,Graig,0.3282883
3801,Clifton Place,Stow Hill,0.294419143
3802,Clifton Road,Stow Hill,0.251887727
3803,Clipper Close,St. Julians,0.140132105
3809,Clyffard Crescent,Stow Hill,0.123998846
3812,Clytha Park Road,Stow Hill,0.021643
3813,Clytha Square,Stow Hill,0.115695477
3814,Coldra Road,Stow Hill,0.027565659
3817,Collier Street,St. Julians,0.069941143
3823,Colne Street,Victoria,0.028791786
3830,Commercial Road,Stow Hill,0.032071036
3831,Commercial Street,Stow Hill,0.010663044
3832,Compton Close,Rogerstone,0.2275145
3833,Coniston Close,St. Julians,0.077875556
3836,Constance Street,St. Julians,0.010310016
3846,Cooper Close,Langstone,0.349074778
3847,Corelli Street,St. Julians,0.015174833
3850,Corn Street,Stow Hill,0.016609225
3852,Cornflower Close,Rogerstone,0.056769792
3853,Cornwall Road,St. Julians,0.161813926
3857,Corporation Road,Victoria,0.08612135
3864,Court Crescent,Graig,0.226848846
3865,Court Gardens,Rogerstone,0.135254585
3866,Court Meadow,Langstone,0.221735979
3867,Court View,Langstone,0.327054885
3868,Courtfield Close,Rogerstone,0.14218511
3869,Courtney Street,St. Julians,0.199747179
3871,Coverack Road,Victoria,0.186067061
3873,Cowshed Lane,Graig,0.374802306
3874,Crawford Street,St. Julians,0.075936885
3878,Crocus Close,Rogerstone,0.0722297
3879,Croesllanfro Gardens,Rogerstone,0.131310879
3881,Cross Lane,Stow Hill,0.012337306
3883,Crown Street,Victoria,0.020735316
3884,Croydon Close,St. Julians,0.53299395
3885,Croydon Court,St. Julians,0.126847571
3886,Cumberland Road,St. Julians,0.03308845
3889,Cutter Close,St. Julians,0.145482444
3890,Cwm Cwddy Drive,Graig,0.278451095
3891,Cwm Dylan Close,Graig,0.187815409
3892,Cwm Lane,Rogerstone,0.532450564
3893,Cwrt Camlas,Rogerstone,0.098623615
3894,Cyril Street,Victoria,0.012834318
3895,Daffodil Lane,Graig,0.18189082
3900,Darlington Court,St. Julians,0.0847676
3906,De Haia Road,Rogerstone,0.00012
3907,Dean Street,St. Julians,0.003225391
3908,Dean Street,Victoria,0.0013685
3910,Delius Close,Rogerstone,0.245063625
3911,Delphinium Road,Graig,0.177346
3912,Denbigh Road,St. Julians,0.07316775
3919,Devon Place,Stow Hill,0.051141077
3920,Dewberry Grove,Graig,0.17140412
3921,Dewsland Park Road,Stow Hill,0.103683645
3925,Diwedd Camlas,Rogerstone,0.079353667
3943,Duckpool Road,St. Julians,0.019435696
3944,Duckpool Road,Victoria,0.015709702
3946,Duffryn Close,Graig,0.14340175
3952,Dumfries Place,Stow Hill,0.00330645
3955,Durham Lane,St. Julians,0.037275133
3956,Durham Road,St. Julians,0.01621985
3961,East Street,Stow Hill,0.104936725
3962,East Usk Road,St. Julians,0.090519288
3965,Ebenezer Drive,Rogerstone,0.217092016
3966,Ebenezer Terrace,Stow Hill,0.155273816
3974,Elaine Crescent,St. Julians,0.117189258
3980,Elysia Street,St. Julians,0.002574455
3981,Emlyn Street,Stow Hill,0.044690729
3982,Ennerdale Court,St. Julians,0.061030978
3989,Essex Street,Victoria,0.054469079
3991,Eton Road,Victoria,0.020146571
3997,Excelsior Close,Victoria,0.039930125
3999,Exeter Road,Victoria,0.105400833
4000,Exeter Street,Victoria,0.060993406
4004,Fairoak Avenue,Victoria,0.051496787
4005,Fairoak Grove,Graig,0.0735735
4006,Fairoak Terrace,Victoria,0.015574185
4007,Fairway Close,Rogerstone,0.144883265
4012,Farriers Gate,Graig,0.172880115
4014,Feering Street,Victoria,0.028040823
4018,Ffordd Camlas,Rogerstone,0.079496323
4020,Ffos-y-Fran,Graig,0.215717608
4021,Ffos-y-Fran Close,Graig,0.23644
4028,Filey Road,St. Julians,0.0699014
4035,Ford Farm Lane,Langstone,0.338787222
4036,Ford Street,Stow Hill,0.059666611
4038,Forge Lane,Graig,0.480481034
4039,Forge Mews,Graig,0.414799833
4040,Forge Road,Graig,0.338997625
4041,Fort View,Graig,0.18373769
4044,Foxwood Close,Graig,0.190236364
4047,Frank Street,St. Julians,0.0023186
4052,Friars Road,Stow Hill,0.378582423
4055,Fuscia Way,Rogerstone,0.091682131
4064,Gaer Street,Stow Hill,0.039890545
4067,Garth Close,Graig,0.09458275
4068,Garth Terrace,Graig,0.299125625
4072,George Street,Stow Hill,0.037952254
4074,George Street Bridge,Stow Hill,0.142907765
4075,George Street Bridge,Victoria,0.081968957
4076,Gerbera Drive,Graig,0.122341917
4089,Glasllwch Crescent,Rogerstone,0.116834846
4091,Glasllwch Lane,Rogerstone,0.498525738
4092,Glasllwch View,Rogerstone,0.305817288
4095,Glebe Gardens,Graig,0.256605643
4096,Glebe Street,Victoria,0.0040168
4097,Gloch Wen Close,Graig,0.0767854
4098,Gloster Place,St. Julians,0.0126905
4099,Gloster Place,Victoria,0.0021475
4100,Gloster Street,St. Julians,0.0229135
4103,Golden Mile View,Rogerstone,0.316599418
4108,Gordon Street,Victoria,0.03169512
4109,Gore Street,St. Julians,0.06142625
4111,Grafton Road,Victoria,0.019292948
4113,Graham Street,Stow Hill,0.051718325
4114,Graig Close,Graig,0.134497708
4124,Granville Close,Rogerstone,0.181367867
4125,Granville Lane,Stow Hill,0.064447125
4126,Granville Street,Stow Hill,0.110360364
4127,Great Oaks Park,Rogerstone,0.201662727
4129,Greenfield Road,Rogerstone,0.149264392
4133,Grenadier Drive,Langstone,0.122916265
4134,Groes Close,Rogerstone,0.3795034
4135,Groes Lane,Rogerstone,0.614593452
4136,Groes Road,Rogerstone,0.388399162
4138,Grosvenor Road,Graig,0.206813216
4142,Haisbro' Avenue,St. Julians,0.090790182
4145,Halstead Street,Victoria,0.009693625
4158,Harlech Drive,Graig,0.179512964
4163,Harrogate Road,St. Julians,0.069308875
4164,Harrow Road,Victoria,0.024283
4170,Havelock Street,Stow Hill,0.0455212
4174,Hawksmoor Close,Rogerstone,0.083839154
4185,Heather Road,St. Julians,0.114147337
4189,Heidenheim Drive,Stow Hill,0.2183525
4197,Hensol Close,Rogerstone,0.140336676
4200,Herbert Road,St. Julians,0.416581958
4203,Hereford Street,Victoria,0.018142155
4206,High Banks,St. Julians,0.110345293
4207,High Cross Close,Rogerstone,0.11404475
4208,High Cross Drive,Rogerstone,0.172364322
4209,High Cross Lane,Rogerstone,0.194851488
4210,High Cross Road,Rogerstone,0.16880325
4212,Highfield Gardens,Graig,0.151570594
4213,Highfield Lane,Graig,0.565113688
4215,Highfield Road,Graig,0.222517464
4216,Hill Street,Stow Hill,0.0433057
4218,Hillside Crescent,Rogerstone,0.110377729
4224,Holland Close,Rogerstone,0.232884444
4227,Hollyhock Close,Rogerstone,0.088473778
4229,Honeysuckle Close,Rogerstone,0.119563286
4237,Hubert Road,St. Julians,0.030389725
4240,Hunter Close,Rogerstone,0.1362059
4241,Hurricane Way,Rogerstone,0.00012
4243,Hydrangea Close,Rogerstone,0.1964649
4244,Ifor Hael Road,Rogerstone,0.166034273
4249,Ingot Drive,Rogerstone,0.00012
4250,Iris Road,Rogerstone,0.104459235
4253,Ivor Street,Stow Hill,0.079780656
4255,Jackson Court,Victoria,0.225869
4256,Jackson Place,Victoria,0.014189111
4267,Jasmine Close,Graig,0.14071365
4271,Jeffrey Street,Victoria,0.019336526
4274,Jessop Close,Rogerstone,0.152014357
4275,Jessop Road,Rogerstone,0.112045667
4279,Johnston Close,Rogerstone,0.081544056
4280,Jones Street,Stow Hill,0.009174121
4282,Jubilee Way,Rogerstone,0.00012
4283,Junction Road,St. Julians,0.070235564
4285,Keene Avenue,Rogerstone,0.225743543
4288,Kelvedon Street,Victoria,0.0475675
4294,Kent Close,Rogerstone,0.174576667
4296,Keynsham Avenue,Stow Hill,0.084381224
4302,King Lane,Stow Hill,0.0329885
4303,King Street,Stow Hill,0.048412867
4304,Kingshill Court,Stow Hill,0.033823167
4305,Kingsmill Terrace,Stow Hill,0.097229889
4306,Kingston Road,Victoria,0.281535833
4307,Kingsway,Stow Hill,0.060750714
4313,Laburnum Close,Rogerstone,0.115827175
4331,Langstone Court Road,Langstone,0.707350409
4332,Langstone Rise,Langstone,0.23330325
4337,Laurel Drive,Graig,0.163369625
4338,Laurel Road,Graig,0.208143902
4339,Lavender Way,Graig,0.122620563
4348,Leicester Road,St. Julians,0.04910019
4349,Lennard Street,Victoria,0.009848286
4354,Lilac Grove,Graig,0.294410214
4357,Lily Way,Rogerstone,0.200568754
4370,Little Oaks View,Rogerstone,0.1236694
4374,Liverpool Street,Victoria,0.003002531
4375,Livingstone Place,Victoria,0.077538
4376,Llanberis Close,Graig,0.181095583
4377,Llandaff Street,Stow Hill,0.161864538
4378,Llandegfedd Close,Rogerstone,0.170899182
4379,Llangorse Drive,Rogerstone,0.166088276
4384,Llanvair Road,St. Julians,0.0592192
4386,Llanwern Street,Victoria,0.020340333
4391,Llwyn Deri Close,Graig,0.202265417
4393,Llyn Berwyn Close,Rogerstone,0.11312835
4394,Llyn Celyn Close,Rogerstone,0.254053167
4395,Lobelia Close,Rogerstone,0.095216842
4398,London Street,Victoria,0.010259964
4401,Lord Street,St. Julians,0.075991667
4403,Lower Dock Street,Stow Hill,0.014424403
4405,Lower George Street,Stow Hill,0.092764368
4406,Lowndes Close,Graig,0.2051245
4410,Lupin Grove,Rogerstone,0.068624
4424,Magor Road,Langstone,0.3046761
4426,Maindee Parade,Victoria,0.038372074
4435,Malvern Road,Victoria,0.065756111
4436,Manchester Street,Victoria,0.010118013
4440,Maplewood,Langstone,0.0525304
4443,Margaret Avenue,St. Julians,0.026964167
4444,Marigold Close,Graig,0.125023583
4448,Marlborough Road,Victoria,0.035076478
4449,Marlow Close,Rogerstone,0.1303025
4455,May Street,Victoria,0.054609375
4457,Meadowlands Drive,Graig,0.293738641
4467,Mellon Street,Stow Hill,0.003901469
4473,Merlin Crescent,St. Julians,0.110498989
4474,Merriott Place,Victoria,0.098040333
4475,Methuen Road,Victoria,0.105450391
4476,Michaelmas Close,Rogerstone,0.074161885
4478,Mill Lane,Langstone,0.726896813
4480,Mill Street,Stow Hill,0.06936
4481,Miller Close,Langstone,0.237323848
4490,Monmouth Castle Drive,Stow Hill,0.0495985
4501,Morden Road,St. Julians,0.039723732
4502,Morgan Street,St. Julians,0.107274708
4507,Morris Street,Victoria,0.146109241
4512,Mountford Close,Rogerstone,0.195417318
4517,Mulberry Close,Rogerstone,0.166162846
4521,Myrtle Close,Rogerstone,0.212838375
4522,Myrtle Drive,Rogerstone,0.381876618
4527,Narcissus Grove,Rogerstone,0.089267138
4528,Nash Close,Rogerstone,0.149445056
4536,Neuadda Close,Graig,0.3106825
4542,Newport Bridge,Stow Hill,0.12028025
4543,Newport Bridge,Victoria,0.0055605
4546,Noral Place,Rogerstone,0.00012
4548,Norfolk Road,St. Julians,0.024648833
4550,North Street,Stow Hill,0.051708579
4552,Oak Road,Rogerstone,0.194773681
4553,Oak Street,St. Julians,0.02906287
4554,Oak Tree Drive,Rogerstone,0.19622473
4557,Oaklands Park Drive,Graig,0.102378122
4561,Obama Grove,Rogerstone,0.086579771
4564,Ogmore Crescent,Rogerstone,0.598689
4565,Old Barn,St. Julians,0.044619333
4568,Old Chepstow Road,Langstone,0.531889138
4572,Old Langstone Court Road,Langstone,0.470243387
4573,Old Roman Road,Langstone,0.621296773
4578,Orchard Court,St. Julians,0.018028
4579,Orchard Gardens,St. Julians,0.083618333
4580,Orchard Mews,St. Julians,0.0213833
4581,Orchard Street,St. Julians,0.013187323
4582,Oriel Road,Victoria,0.064844286
4590,Palmyra Place,Stow Hill,0.189739471
4591,Pant Glas Court,Graig,0.332094714
4595,Park Avenue,Rogerstone,0.051583208
4599,Park End,Langstone,0.158767519
4601,Park Square,Stow Hill,0.2997921
4602,Park View,Graig,0.211883768
4603,Park View,Rogerstone,0.0701145
4604,Park View Gardens,Graig,0.182088152
4605,Park Way,Rogerstone,0.00012
4607,Parklands Close,Rogerstone,0.115311917
4608,Parkwood Drive,Graig,0.2117595
4614,Paul's End Court,Stow Hill,0.218803583
4618,Pen y Groes Grove,Graig,0.149367192
4630,Pensidan View,Graig,0.255618767
4632,Pentre-poeth Close,Graig,0.206303421
4633,Pentre-poeth Road,Graig,0.558003392
4634,Pentre-tai Road,Graig,0.221721974
4636,Penylan Close,Graig,0.138087611
4639,Petunia Walk,Graig,0.118511429
4640,Phillip Street,Victoria,0.06723175
4652,Pontymason Close,Rogerstone,0.106094388
4653,Pontymason Court,Rogerstone,0.073980444
4654,Pontymason Lane,Rogerstone,0.300283872
4655,Pontymason Rise,Rogerstone,0.104758773
4657,Poppy Place,Graig,0.14494455
4664,Powell's Place,Stow Hill,0.003522
4670,Primrose Way,Graig,0.105571682
4671,Prince Street,Victoria,0.003252034
4672,Priory Crescent,Langstone,0.160678652
4673,Priory Drive,Langstone,0.378183558
4674,Priory Gardens,Langstone,0.171416133
4675,Priory Grove,Langstone,0.140729455
4676,Priory View,Langstone,0.037706
4677,Priory Way,Langstone,0.13811125
4678,Probert Place,Victoria,0.042538188
4681,Pump Street,Stow Hill,0.08941815
4683,Pye Corner,Rogerstone,0.423613
4691,Queen Street,Stow Hill,0.08003
4692,Queensway,Stow Hill,0.066807193
4696,Radnor Road,St. Julians,0.138776929
4698,Railway Street,Stow Hill,0.02804
4702,Redbrick Gardens,St. Julians,0.03039705
4709,Rembrandt Way,St. Julians,0.320238417
4712,Reservoir Close,Rogerstone,0.307940333
4714,Reynolds Close,St. Julians,0.481235273
4715,Rhuddlan Close,Graig,0.3556411
4716,Rhymney Way,Graig,0.196814347
4718,Richmond Road,St. Julians,0.091496415
4744,Risca Road,Rogerstone,0.325128786
4745,Rivermead Way,Graig,0.293247208
4746,Rivermead Way,Rogerstone,0.528797347
4747,Riverside,St. Julians,0.090446344
4748,Road D,Rogerstone,0.0080553
4749,Robbin's Lane,Stow Hill,0.005552393
4751,Roberts Close,Rogerstone,0.125590727
4753,Robin Hood Lane,Langstone,0.772462
4755,Rockfield Street,St. Julians,0.015047196
4757,Rodney Road,Victoria,0.097774738
4759,Ronald Road,St. Julians,0.103629415
4762,Rose Walk,Graig,0.097614429
4763,Rosecroft Drive,Langstone,0.194025029
4775,Rubens Close,St. Julians,0.365712
4776,Rudry Street,St. Julians,0.0770179
4777,Rugby Road,Victoria,0.057441531
4778,Ruperra Close,Graig,0.199053444
4782,Ruskin Avenue,Rogerstone,0.239667783
4784,Russell Close,Graig,0.248243029
4786,Russet Close,Langstone,0.1016062
4790,Sandalwood Court,Victoria,0.053850357
4793,Scarborough Road,St. Julians,0.0947809
4794,Scard Street,Stow Hill,0.0791434
4795,Scholars Close,Rogerstone,0.189968545
4796,School Lane,Stow Hill,0.052679075
4797,School Terrace,Rogerstone,0.388471615
4803,Seabreeze Avenue,Victoria,0.142068143
4809,Severn Terrace,Stow Hill,0.1258215
4811,Shaftesbury Street,Stow Hill,0.189774167
4815,Sheaf Lane,Victoria,0.155835
4817,Shepherd Drive,Langstone,0.289429847
4822,Sidney Street,Stow Hill,0.077413333
4823,Silure Way,Langstone,0.241277486
4824,Silver Fir Square,Rogerstone,0.157626833
4831,Skinner Street,Stow Hill,0.00372026
4833,Snowdrop Lane,Graig,0.423325875
4834,Soane Close,Rogerstone,0.125490067
4837,Soho Street,Victoria,0.166301773
4838,Somerset Road,St. Julians,0.034410542
4848,Spartan Close,Langstone,0.0991549
4849,Speke Street,Victoria,0.031769222
4851,Spitfire Road,Rogerstone,0.00271362
4855,Springfield Close,Graig,0.210143667
4857,Springfield Lane,Graig,0.228404419
4858,Springfield Road,Graig,0.271241286
4862,Squires Close,Rogerstone,0.447121188
4863,Squires Gate,Rogerstone,0.224472144
4864,St Basils Crescent,Graig,0.124260125
4865,St Benedict's Court,Graig,0.195635
4870,St Edward Street,Stow Hill,0.027077591
4871,St John's Crescent,Rogerstone,0.20062189
4872,St Julian Street,Stow Hill,0.023786808
4874,St Mary's Court,Stow Hill,0.027837444
4876,St Vincent Road,Victoria,0.015213328
4877,St Woolos Road,Stow Hill,0.02530222
4878,St. Anne's Close,Rogerstone,0.283809042
4879,St. Anne's Crescent,St. Julians,0.260762391
4880,St. George's Crescent,St. Julians,0.222152275
4883,St. Julian's Avenue,St. Julians,0.072969026
4884,St. Julian's Court,St. Julians,0.099072625
4886,St. Julian's Road,St. Julians,0.161128151
4888,St. Mary Street,Stow Hill,0.025492486
4889,St. Merriots Place,Victoria,0.009486333
4892,St. Woolos Place,Stow Hill,0.001595063
4894,Stafford Road,St. Julians,0.009831811
4899,Station Approach,Graig,0.283607536
4900,Station Street,Stow Hill,0.0051296
4914,Stevenson Close,Rogerstone,0.166935029
4915,Stockton Close,St. Julians,0.245833047
4916,Stockton Road,St. Julians,0.047848369
4917,Stockwood Close,Langstone,0.092019682
4918,Stockwood View,Langstone,0.078723036
4921,Stow Hill,Stow Hill,0.089025534
4922,Stow Park Avenue,Stow Hill,0.199669619
4925,Stow Park Drive,Stow Hill,0.248018063
4929,Summerhill Avenue,St. Julians,0.174541
4930,Summerhill Avenue,Victoria,0.10435448
4931,Sunbeam Close,Victoria,0.1035745
4932,Sunnybank,Graig,0.270129095
4933,Surrey Place,St. Julians,0.2486422
4936,Sutton Road,St. Julians,0.027481431
4938,Sward Close,Rogerstone,0.090466083
4942,Tabernacle Drive,Graig,0.055019412
4943,Talbot Lane,Stow Hill,0.060801464
4944,Taliesin Close,Rogerstone,0.124304289
4945,Taliesin Drive,Rogerstone,0.203465039
4953,Telford Close,Rogerstone,0.0575939
4954,Telford Court,Victoria,0.011999375
4956,Telford Street,Victoria,0.006541833
4966,The Glen,Langstone,0.485307821
4967,The Griffin,Graig,0.3916979
4968,The Moorings,St. Julians,0.148548811
4969,The Nurseries,Langstone,0.170431915
4970,The Paddocks,Langstone,0.225875688
4975,The Uplands,Rogerstone,0.118835253
4977,Thirlmere Place,St. Julians,0.253058983
4980,Thornbury Park,Rogerstone,0.338249958
4981,Thornhill Gardens,Rogerstone,0.234476367
4982,Thornhill Way,Rogerstone,0.098611923
5006,Tredegar Park View,Rogerstone,0.215623158
5007,Tredegar Street,Graig,0.108607625
5009,Tregare Street,St. Julians,0.3286275
5010,Tregarn Close,Langstone,0.356109214
5011,Tregarn Court,Langstone,0.183116025
5012,Tregarn Road,Langstone,0.411341459
5013,Tregwilym Close,Rogerstone,0.2794055
5014,Tregwilym Road,Rogerstone,0.39221344
5015,Tregwilym Walk,Rogerstone,0.281918857
5019,Trostrey Street,St. Julians,0.372656
5020,Tudor Crescent,Rogerstone,0.206989981
5021,Tudor Road,St. Julians,0.091287548
5022,Tulip Walk,Rogerstone,0.109310136
5024,Tunnel Terrace,Stow Hill,0.319096882
5025,Turner Street,St. Julians,0.123733342
5027,Ty-Du View,Rogerstone,0.234173579
5028,Ty Coch Close,Graig,0.216535
5031,Uplands Court,Rogerstone,0.201742143
5032,Upper Dock Street,Stow Hill,0.068058727
5036,Usk Street,St. Julians,0.000779316
5039,Usk Way,Stow Hill,0.197437228
5041,Van Dyke Close,St. Julians,0.431389
5042,Vanbrugh Close,Rogerstone,0.178757214
5048,Veronica Close,Rogerstone,0.16137995
5049,Viaduct Close,Graig,0.104014725
5050,Viaduct View,Graig,0.110118722
5051,Viaduct Way,Graig,0.333326927
5052,Vicarage Close,Graig,0.620989767
5053,Vicarage Gardens,Rogerstone,0.2188921
5054,Vicarage Hill,Stow Hill,0.15757885
5056,Victoria Avenue,Victoria,0.090021
5057,Victoria Close,Stow Hill,0.067036214
5059,Victoria Crescent,Stow Hill,0.137819786
5061,Victoria Place,Stow Hill,0.0588481
5062,Victoria Road,Stow Hill,0.115811423
5063,Vine Place,Victoria,0.0553442
5064,Violet Walk,Graig,0.054740222
5066,Vivian Road,Victoria,0.044669852
5078,Waterloo Road,Stow Hill,0.301654814
5079,Waterside Close,Rogerstone,0.265925773
5081,Watts Close,Rogerstone,0.163585625
5090,Wentworth Close,Graig,0.195115917
5091,Wern Terrace,Rogerstone,0.300842693
5095,West Street,Stow Hill,0.001083967
5098,Western Valley Road,Rogerstone,0.223017317
5108,Wharf Lane,Victoria,0.022391545
5110,Wharf Road,Victoria,0.142078935
5113,Whitby Place,Victoria,0.065135444
5117,Willenhall Street,Victoria,0.140725511
5118,William Lovett Gardens,Stow Hill,0.1708941
5121,Willow Walk,Rogerstone,0.344557958
5125,Windermere Square,St. Julians,0.0472945
5129,Windsor Terrace,Stow Hill,0.227086577
5132,Witham Street,Victoria,0.052531882
5135,Wood Close,Rogerstone,0.318925525
5136,Wood Crescent,Rogerstone,0.234404866
5137,Woodland Drive,Graig,0.108307032
5138,Woodland Drive,Rogerstone,0.336655862
5155,York Place,Stow Hill,0.092333465
5156,York Road,St. Julians,0.019419133